RuleID|Rule Name|Rule|Rule Desc|Severity|Schedule|Alert Freq|Weeks|Status|Organisations|Scheduled From|Scheduled To|Created On|Created By|rule_builder|rule_type|rule_properties|aggr_rule|aggr_rule_builder|user_org_group_id|sub_technique|tactics|technique|alert_keys|Compliance
"7062"|"System security access was granted to an account"|"{  eventid =  4717  }"|"This alert is generated based on Event ID 4717 when an system security access was granted to an account (Mitre Att&ck:TA0005-T1078)(CWE-284)"|"Medium"|"0"|"24"|""|"Enabled"|"2,3,4,5,6,7,8,9,10,15,17,18,19"|"0"|"0"|"16-01-2024 01:20:49"|"1"|"{"condition":"and","rules":[{"field":"eventid","operator":"=","entity":"none","value":"4717"}]}"|"regular"|"Occurrences '5' Within '300' GroupBy 'user'"|"{}"|"{"condition":"and","rules":[]}"|"0"|""|"TA0001,TA0003,TA0004,TA0005"|"T1078"|"null"|"[]"
"7063"|"Possible Process Injection"|"{( eventid =  4688  ) and ( process_name !~  C:\Windows\System32\  and process_name ~NotFromFile  Whitelisted Processes  ) }"|"Adversaries may inject code into processes in order to evade process-based defenses as well as possibly elevate privileges. (Mitre Att&CK: TA0004-T1055)(CWE-264)"|"High"|"0"|"24"|""|"Enabled"|"2,3,4,5,6,7,8,9,10,17,18,19"|"0"|"0"|"16-01-2024 01:20:49"|"1"|"{"condition":"and","rules":[{"condition":"and","rules":[{"field":"eventid","operator":"=","entity":"none","value":"4688"}]},{"condition":"and","rules":[{"field":"process_name","operator":"!~","entity":"none","value":"C:\\Windows\\System32\\","condition":"and"},{"field":"process_name","operator":"Not Contains In File Feed","entity":"none","value":"Whitelisted Processes"}]}]}"|"regular"|"Occurrences '1' Within '60'"|"{}"|"{"condition":"and","rules":[]}"|"0"|""|"TA0004,TA0005"|"T1055"|"null"|"[]"
"7064"|"Directory traversal vulnerability"|"{  request ~  /manager/controllers/default/resource/tvs.php?class_key=../../../../../../../../../../windows/win.ini%00  }"|"MODx manager - Local File Inclusion:Directory traversal vulnerability in MODx Revolution 2.0.2-pl (Mitre Att&ck:TA0001.T1190) (CVE ID: CVE-2010-5278)."|"High"|"0"|"24"|""|"Enabled"|"2,3,4,5,6,7,8,9,10,17,18,19"|"0"|"0"|"16-01-2024 01:20:49"|"1"|"{"condition":"and","rules":[{"field":"request","operator":"~","entity":"none","value":"/manager/controllers/default/resource/tvs.php?class_key=../../../../../../../../../../windows/win.ini%00"}]}"|"regular"|"Occurrences '1' Within '60'"|"{}"|"{"condition":"and","rules":[]}"|"0"|""|"TA0001"|"T1190"|"null"|"[]"
"7065"|"Possible Oracle WebLogic Exploit"|"{( url ~  /config/keystore/  and url ~  .js  ) or ( request ~  /config/keystore/  and request ~  .js  ) }"|"Detects access to a webshell dropped into a keystore folder on the WebLogic server (Mitre Att&ck:TA0001-T1190)(CVE-2023-21839)"|"High"|"0"|"24"|""|"Enabled"|"2,3,4,5,6,7,8,9,10"|"0"|"0"|"16-01-2024 01:20:49"|"1"|"{"condition":"or","rules":[{"condition":"and","rules":[{"field":"url","operator":"~","entity":"none","value":"/config/keystore/","condition":"and"},{"field":"url","operator":"~","entity":"none","value":".js"}]},{"condition":"and","rules":[{"field":"request","operator":"~","entity":"none","value":"/config/keystore/","condition":"and"},{"field":"request","operator":"~","entity":"none","value":".js"}]}]}"|"regular"|"Occurrences '1' Within '60' GroupBy 'srcip'"|"{}"|"{"condition":"and","rules":[]}"|"0"|""|"TA0001"|"T1190"|"null"|"[]"
"7066"|"Pulse Secure Attack"|"{  request ~  ?/dana/html5acc/guacamole/  }"|"Detects exploitation attempt of URI that contains 'Guacamole' (Mitre Att%ck:T1190) (CVE ID: CVE-2019-11510)."|"Critical"|"0"|"24"|""|"Enabled"|"2,3,4,5,6,7,8,9,10"|"0"|"0"|"16-01-2024 01:20:49"|"1"|"{"condition":"and","rules":[{"field":"request","operator":"~","entity":"none","value":"?/dana/html5acc/guacamole/"}]}"|"regular"|"Occurrences '1' Within '60' GroupBy 'srcip'"|"{}"|"{"condition":"and","rules":[]}"|"0"|""|"TA0001"|"T1190"|"null"|"[]"
"7067"|"Citrix Netscaler Attack"|"{ ( request ~  /../vpns/  or request ~  /vpns/cfg/smb.conf  or request ~  /vpns/portal/scripts/  ) }"|"Detects CVE-2019-19781 exploitation attempt against Citrix Netscaler, Application Delivery Controller and Citrix Gateway Attack (Mitra Attack: T1190)"|"Critical"|"0"|"24"|""|"Enabled"|"2,3,4,5,6,7,8,9,10,17,18,19"|"0"|"0"|"16-01-2024 01:20:49"|"1"|"{"condition":"or","rules":[{"condition":"and","rules":[{"field":"request","operator":"~","entity":"none","value":"/../vpns/","condition":"or"},{"field":"request","operator":"~","entity":"none","value":"/vpns/cfg/smb.conf","condition":"or"},{"field":"request","operator":"~","entity":"none","value":"/vpns/portal/scripts/","condition":"or"}]}]}"|"regular"|"Occurrences '1' Within '60' GroupBy 'srcip'"|"{}"|"{"condition":"and","rules":[]}"|"0"|""|"TA0001"|"T1190"|"null"|"[]"
"7068"|"Confluence Exploitation"|"{method =  POST  and ( request ~  /upload.action  and request ~  filename=../../../../  ) }"|"Detects the exploitation of the Confluence vulnerability described in CVE-2019-3398 (Mitre Att&ck: T1190)"|"High"|"0"|"24"|""|"Enabled"|"2,3,4,5,6,7,8,9,10,17,18,19"|"0"|"0"|"16-01-2024 01:20:49"|"1"|"{"condition":"and","rules":[{"field":"method","operator":"=","entity":"none","value":"POST"},{"condition":"and","rules":[{"field":"request","operator":"~","entity":"none","value":"/upload.action","condition":"and"},{"field":"request","operator":"~","entity":"none","value":"filename=../../../../"}]}]}"|"regular"|"Occurrences '1' Within '60'"|"{}"|"{"condition":"and","rules":[]}"|"0"|""|"TA0001"|"T1190"|"null"|"[]"
"7069"|"Microsoft Exchange Validation Key Remote Code Execution Vulnerability Exploitation Attempt"|"{( request ~  /ecp/default.aspx  and request ~  __VIEWSTATEGENERATOR=  and request ~  __VIEWSTATE=  ) or ( url ~  /ecp/default.aspx  and url ~  __VIEWSTATEGENERATOR=  and url ~  __VIEWSTATE=  ) }"|"A vulnerability which allows attackers to execute arbitrary code on affected servers, particularly targeting Microsoft Exchange Server 2013, 2016, and 2019 through crafted HTTP requests(Mitre Att&ck: TA0008-T1210)(CVE-2020-0688)"|"High"|"0"|"24"|""|"Enabled"|"2,3,4,5,6,7,8,9,10,17,18,19"|"0"|"0"|"16-01-2024 01:20:49"|"1"|"{"condition":"or","rules":[{"condition":"and","rules":[{"field":"request","operator":"~","entity":"none","value":"/ecp/default.aspx","condition":"and"},{"field":"request","operator":"~","entity":"none","value":"__VIEWSTATEGENERATOR=","condition":"and"},{"field":"request","operator":"~","entity":"none","value":"__VIEWSTATE="}]},{"condition":"and","rules":[{"field":"url","operator":"~","entity":"none","value":"/ecp/default.aspx","condition":"and"},{"field":"url","operator":"~","entity":"none","value":"__VIEWSTATEGENERATOR=","condition":"and"},{"field":"url","operator":"~","entity":"none","value":"__VIEWSTATE="}]}]}"|"regular"|"Occurrences '1' Within '60' GroupBy 'srcip'"|"{}"|"{"condition":"and","rules":[]}"|"0"|""|"TA0008"|"T1210"|"null"|"[]"
"7070"|"Microsoft Exchange Validation Key Remote Code Execution VulnerabilityExploitation Attempt via Web Log"|"{method =  GET  and request ~  /ecp/  or request ~  /owa/  and ( request ~  __VIEWSTATE=  ) }"|"Detects vulnerability which allows attackers to execute arbitrary code on affected servers, particularly targeting Microsoft Exchange Server 2013, 2016, and 2019 through crafted HTTP requests (Mitre Att&CK: TA0001-T1190)(CVE-2020-0688)"|"High"|"0"|"24"|""|"Enabled"|"2,3,4,5,6,7,8,9,10,17,18,19"|"0"|"0"|"16-01-2024 01:20:49"|"1"|"{"condition":"and","rules":[{"field":"method","operator":"=","entity":"none","value":"GET","condition":"and"},{"field":"request","operator":"~","entity":"none","condition":"or","value":"/ecp/"},{"field":"request","operator":"~","entity":"none","value":"/owa/"},{"condition":"and","rules":[{"field":"request","operator":"~","entity":"none","value":"__VIEWSTATE="}]}]}"|"regular"|"Occurrences '1' Within '60'"|"{}"|"{"condition":"and","rules":[]}"|"0"|""|"TA0001"|"T1190"|"null"|"[]"
"7071"|"Oracle WebLogic Exploit"|"{( request =  /console/images/%252E%252E%252Fconsole.portal  or request =  /console/css/%2e  ) or ( url ~  /console/images/%252E%252E%252Fconsole.portal  or url ~  /console/css/%2e  ) }"|"Detects critical vulnerability in Oracle WebLogic Server that allows unauthenticated attackers to exploit the server via a simple HTTP GET request, potentially leading to complete system compromise (Mitre Att&ck: TA0001-T11900) (CVE-2020-14882)"|"High"|"0"|"24"|""|"Enabled"|"2,3,4,5,6,7,8,9,10,17,18,19"|"0"|"0"|"16-01-2024 01:20:49"|"1"|"{"condition":"or","rules":[{"condition":"and","rules":[{"field":"request","operator":"=","entity":"none","value":"/console/images/%252E%252E%252Fconsole.portal","condition":"or"},{"field":"request","operator":"=","entity":"none","value":"/console/css/%2e"}]},{"condition":"and","rules":[{"field":"url","operator":"~","entity":"none","value":"/console/images/%252E%252E%252Fconsole.portal","condition":"or"},{"field":"url","operator":"~","entity":"none","value":"/console/css/%2e"}]}]}"|"regular"|"Occurrences '1' Within '60'"|"{}"|"{"condition":"and","rules":[]}"|"0"|""|"TA0001"|"T1190"|"null"|"[]"
"7072"|"TerraMaster TOS"|"{( method =  GET  ) and ( request ~  /include/makecvs.php  and request ~  ?Event=  ) and ( request ~  curl  or request ~  wget  or request ~  .py  or request ~  .sh  or request ~  chmod  or request ~  _GET  ) }"|"Detects the RCE vulnerability in TerraMaster TOS versions 4.2.06 and earlier, allowing unauthenticated attackers to inject operating system commands.(Mitre Att&CK: TA0001-T1190)(CVE-2020-28188)"|"High"|"0"|"24"|""|"Enabled"|"2,3,4,5,6,7,8,9,10"|"0"|"0"|"16-01-2024 01:20:49"|"1"|"{"condition":"and","rules":[{"condition":"and","rules":[{"field":"method","operator":"=","entity":"none","value":"GET"}]},{"condition":"and","rules":[{"field":"request","operator":"~","entity":"none","value":"/include/makecvs.php","condition":"and"},{"field":"request","operator":"~","entity":"none","value":"?Event="}]},{"condition":"and","rules":[{"field":"request","operator":"~","entity":"none","value":"curl","condition":"or"},{"field":"request","operator":"~","entity":"none","value":"wget","condition":"or"},{"field":"request","operator":"~","entity":"none","value":".py","condition":"or"},{"field":"request","operator":"~","entity":"none","value":".sh","condition":"or"},{"field":"request","operator":"~","entity":"none","value":"chmod","condition":"or"},{"field":"request","operator":"~","entity":"none","value":"_GET"}]}]}"|"regular"|"Occurrences '1' Within '60'"|"{}"|"{"condition":"and","rules":[]}"|"0"|""|"TA0001"|"T1190"|"null"|"[]"
"7073"|"Cisco ASA FTD Exploit"|"{request ~   CSCOT /translation-table  or request ~   CSCOT /oem-customization  and ( request ~  &textdomain=/  or request ~  &textdomain=%  or request ~  &name=/  or request ~  &name=%  ) and ( statuscode =  200  ) }"|"Detects exploitation attempts on Cisco ASA FTD systems which allows an unauthenticated, remote attacker to conduct directory traversal attacks and read sensitive files on a targeted system (Mitre Att&ck: TA0001-T1190)(CVE-2020-3452)"|"High"|"0"|"24"|""|"Enabled"|"2,3,4,5,6,7,8,9,10"|"0"|"0"|"16-01-2024 01:20:49"|"1"|"{"condition":"and","rules":[{"field":"request","operator":"~","entity":"none","condition":"or","value":" CSCOT /translation-table"},{"field":"request","operator":"~","entity":"none","value":" CSCOT /oem-customization"},{"condition":"and","rules":[{"field":"request","operator":"~","entity":"none","condition":"or","value":"&textdomain=/"},{"field":"request","operator":"~","entity":"none","condition":"or","value":"&textdomain=%"},{"field":"request","operator":"~","entity":"none","condition":"or","value":"&name=/"},{"field":"request","operator":"~","entity":"none","value":"&name=%"}]},{"condition":"and","rules":[{"field":"statuscode","operator":"=","entity":"none","value":"200"}]}]}"|"regular"|"Occurrences '1' Within '60'"|"{}"|"{"condition":"and","rules":[]}"|"0"|""|"TA0001"|"T1190"|"null"|"[]"
"7074"|"F5 BIG-IP Exploitation Attempt"|"{( request ~  ..;/  or request ~  .jsp/..  ) and ( request ~  /tmui/  or request ~  /hsqldb  ) }"|"Detects the vulnerability in F5 BIG-IP's TMUI, allowing unauthenticated attackers to execute arbitrary system commands, create or delete files, and disable services via specially crafted HTTP requests (Mitre Att&ck: TA0001-T1190)(CVE-2020-5902)"|"High"|"0"|"24"|""|"Enabled"|"2,3,4,5,6,7,8,9,10"|"0"|"0"|"16-01-2024 01:20:49"|"1"|"{"condition":"and","rules":[{"condition":"and","rules":[{"field":"request","operator":"~","entity":"none","condition":"or","value":"..;/"},{"field":"request","operator":"~","entity":"none","value":".jsp/.."}]},{"condition":"and","rules":[{"field":"request","operator":"~","entity":"none","value":"/tmui/","condition":"or"},{"field":"request","operator":"~","entity":"none","value":"/hsqldb"}]}]}"|"regular"|"Occurrences '1' Within '60' GroupBy 'srcip'"|"{}"|"{"condition":"and","rules":[]}"|"0"|""|"TA0001"|"T1190"|"null"|"[]"
"7075"|"Citrix ADS Exploitation"|"{( request ~  /rapi/filedownload?filter=path:%2F  ) or ( request ~  /pcidss/report  and request ~  type=all_signatures  and request ~  sig_name=_default_signature_  ) }"|"Detects exploitation attempt against Citrix Netscaler, Application Delivery Controller (ADS) and Citrix Gateway exploiting vulnerabilities reported as CVE-2020-8193 and CVE-2020-8195 (Mitre Att&ck: T1190)"|"Critical"|"0"|"24"|""|"Enabled"|"2,3,4,5,6,7,8,9,10"|"0"|"0"|"16-01-2024 01:20:49"|"1"|"{"condition":"or","rules":[{"condition":"or","rules":[{"field":"request","operator":"~","entity":"none","value":"/rapi/filedownload?filter=path:%2F"}]},{"condition":"or","rules":[{"field":"request","operator":"~","entity":"none","value":"/pcidss/report","condition":"and"},{"field":"request","operator":"~","entity":"none","value":"type=all_signatures","condition":"and"},{"field":"request","operator":"~","entity":"none","value":"sig_name=_default_signature_"}]}]}"|"regular"|"Occurrences '1' Within '60'"|"{}"|"{"condition":"and","rules":[]}"|"0"|""|"TA0001"|"T1190"|"null"|"[]"
"7076"|"Oracle WebLogic Exploit CVE-2021-2109"|"{method =  GET  and ( request ~  com.bea.console.handles.JndiBindingHandle  and request ~  ldap://  and request ~  AdminServer  ) }"|"Detects the exploitation of the WebLogic server vulnerability described in CVE-2021-2109 (Mitre Att&ck: T1190)"|"High"|"0"|"24"|""|"Enabled"|"2,3,4,5,6,7,8,9,10"|"0"|"0"|"16-01-2024 01:20:49"|"1"|"{"condition":"and","rules":[{"field":"method","operator":"=","entity":"none","value":"GET"},{"condition":"and","rules":[{"field":"request","operator":"~","entity":"none","condition":"and","value":"com.bea.console.handles.JndiBindingHandle"},{"field":"request","operator":"~","entity":"none","condition":"and","value":"ldap://"},{"field":"request","operator":"~","entity":"none","value":"AdminServer"}]}]}"|"regular"|"Occurrences '1' Within '60'"|"{}"|"{"condition":"and","rules":[]}"|"0"|""|"TA0001"|"T1190"|"null"|"[]"
"7077"|"CVE-2021-21972 VSphere Exploitation"|"{   method =  POST  and request ~  /ui/vropspluginui/rest/services/uploadova  }"|"Detects unauthorized file uploads and exploitation attempts of the CVE-2021-21972 vulnerability in VMware vCenter Server, enabling remote code execution through the vRealize Operations plugin.(Mitre Att&ck: TA0001-T1190)(CVE-2021-21972)"|"High"|"0"|"24"|""|"Enabled"|"2,3,4,5,6,7,8,9,10"|"0"|"0"|"16-01-2024 01:20:49"|"1"|"{"condition":"and","rules":[{"field":"method","operator":"=","entity":"none","value":"POST","condition":"and"},{"field":"request","operator":"~","entity":"none","value":"/ui/vropspluginui/rest/services/uploadova"}]}"|"regular"|"Occurrences '1' Within '60'"|"{}"|"{"condition":"and","rules":[]}"|"0"|""|"TA0001"|"T1190"|"null"|"[]"
"7078"|"CVE-2021-21978 Exploitation Attempt"|"{method =  POST  and ( request ~  logupload  and request ~  logMetaData  and request ~  wsgi_log_upload.py  ) }"|"Detects unauthorized exploitation attempts of the vulnerability in VMware View Planner, enabling unauthenticated remote code execution via malicious file uploads.(Mitre Att&ck: TA0001-T1190)(CVE-2021-21978)
"7079"|"VMware vCenter Server File Upload Vulnerability	"|"{   method =  POST  and request ~  /analytics/telemetry/ph/api/hyper/send?  }"|"Detects exploitation attempts of the CVE-2021-22005 vulnerability in VMware vCenter Server, enabling unauthenticated remote code execution via arbitrary file uploads to the Analytics service.(Mitre Att&ck: TA0001-T1190)(CVE-2021-22005)
"7080"|"CVE-2021-22123 Fortinet Command Injection Exploitation"|"{method =  POST  and request ~  /api/v2.0/user/remoteserver.saml  and ( request !~  /root/user/remote-user/saml-user/  ) }"|"OS command injection vulnerability in FortiWeb's management interface may allow a remote authenticated attacker to execute arbitrary commands on the system via the SAML server configuration page (Mitre Att&ck: TA0001-T1190)(CVE-2021-22123)"|"High"|"0"|"24"|""|"Enabled"|"2,3,4,5,6,7,8,9,10"|"0"|"0"|"16-01-2024 01:20:49"|"1"|"{"condition":"and","rules":[{"field":"method","operator":"=","entity":"none","value":"POST","condition":"and"},{"field":"request","operator":"~","entity":"none","value":"/api/v2.0/user/remoteserver.saml"},{"condition":"and","rules":[{"field":"request","operator":"!~","entity":"none","value":"/root/user/remote-user/saml-user/"}]}]}"|"regular"|"Occurrences '1' Within '60'"|"{}"|"{"condition":"and","rules":[]}"|"0"|""|"TA0001"|"T1190"|"null"|"[]"
"7081"|"Pulse Connect Secure RCE Attack "|"{( request ~  /dana-na/auth/  or request ~  /dana-ws/  or request ~  /dana-cached/  ) and ( request ~  ?id=  or request ~  ?token=  or request ~  Secid_canceltoken.cgi  or request ~  namedusers  ) }"|"Detects exploitation attempts that allows unauthenticated remote code execution through crafted HTTP requests targeting the Windows File Share Browser and Pulse Secure Collaboration features.(Mitre Att&ck: TA0001-T1190)(CVE-2021-22893)"|"High"|"0"|"24"|""|"Enabled"|"2,3,4,5,6,7,8,9,10,17,18,19"|"0"|"0"|"16-01-2024 01:20:49"|"1"|"{"condition":"and","rules":[{"condition":"and","rules":[{"field":"request","operator":"~","entity":"none","condition":"or","value":"/dana-na/auth/"},{"field":"request","operator":"~","entity":"none","condition":"or","value":"/dana-ws/"},{"field":"request","operator":"~","entity":"none","value":"/dana-cached/"}]},{"condition":"and","rules":[{"field":"request","operator":"~","entity":"none","value":"?id=","condition":"or"},{"field":"request","operator":"~","entity":"none","value":"?token=","condition":"or"},{"field":"request","operator":"~","entity":"none","value":"Secid_canceltoken.cgi","condition":"or"},{"field":"request","operator":"~","entity":"none","value":"namedusers"}]}]}"|"regular"|"Occurrences '1' Within '60'"|"{}"|"{"condition":"and","rules":[]}"|"0"|""|"TA0001"|"T1190"|"null"|"[]"
"7083"|"Arcadyan Router Exploitations"|"{( request ~  ..%2f  ) or ( request ~  ..%2f  and request ~  apply_abstract.cgi  ) and ( request ~  /images/  or request ~  /js/  or request ~  /css/  or request ~  /setup_top_login.htm  or request ~  /login.html  or request ~  /loginerror.html  or request ~  /loginexclude.html  or request ~  /loginlock.html  ) }"|"Detects exploitations allowing unauthenticated remote attackers to bypass authentication and execute commands, potentially leading to unauthorized access and control over affected devices.(Mitre Att&ck: TA0001-T1190)(CVE-2021-20090 & CVE-2021-20091)
"7084"|"CVE-2021-26814 Wazuh RCE Exploitation"|"{  request ~  /manager/files?path=etc/lists/../../../../..  }"|"Detects exploitation attempts in Wazuh, allowing authenticated users to execute arbitrary code with administrative privileges via the /manager/files API due to incomplete input validation.(Mitre Att&ck: TA0001-T1190)(CVE-2021-26814)"|"High"|"0"|"24"|""|"Enabled"|"2,3,4,5,6,7,8,9,10"|"0"|"0"|"16-01-2024 01:20:49"|"1"|"{"condition":"and","rules":[{"field":"request","operator":"~","entity":"none","value":"/manager/files?path=etc/lists/../../../../.."}]}"|"regular"|"Occurrences '1' Within '60'"|"{}"|"{"condition":"and","rules":[]}"|"0"|""|"TA0001"|"T1190"|"null"|"[]"
"7085"|"ProxyLogon Reset Virtual Directories Based On IIS Log"|"{method =  POST  and statuscode =  200  and request ~  /ecp/DDI/DDIService.svc/SetObject  and ( request ~  schema=Reset  and request ~  VirtualDirectory  ) }"|"When exploiting this vulnerability with CVE-2021-26858, an SSRF attack is used to manipulate virtual directories(Mitre Att&ck:TA0001-T1190)(CVE-2021-26858)"|"High"|"0"|"24"|""|"Enabled"|"2,3,4,5,6,7,8,9,10"|"0"|"0"|"16-01-2024 01:20:49"|"1"|"{"condition":"and","rules":[{"field":"method","operator":"=","entity":"none","value":"POST","condition":"and"},{"field":"statuscode","operator":"=","entity":"none","value":"200","condition":"and"},{"field":"request","operator":"~","entity":"none","value":"/ecp/DDI/DDIService.svc/SetObject"},{"condition":"and","rules":[{"field":"request","operator":"~","entity":"none","value":"schema=Reset","condition":"and"},{"field":"request","operator":"~","entity":"none","value":"VirtualDirectory"}]}]}"|"regular"|"Occurrences '1' Within '60'"|"{}"|"{"condition":"and","rules":[]}"|"0"|""|"TA0001"|"T1190"|"null"|"[]"
"7086"|"Exchange Exploitation"|"{    request ~  /owa/calendar/a  and method =  POST  and statuscode !=  503  }"|"Detects successful exploitation of Exchange vulnerability as reported in CVE-2021-28480 (Mitre Att&ck:TA0001-T1190)(CVE-2021-28480)"|"High"|"0"|"24"|""|"Enabled"|"2,3,4,5,6,7,8,9,10"|"0"|"0"|"16-01-2024 01:20:49"|"1"|"{"condition":"and","rules":[{"field":"request","operator":"~","entity":"none","value":"/owa/calendar/a","condition":"and"},{"field":"method","operator":"=","entity":"none","value":"POST","condition":"and"},{"field":"statuscode","operator":"!=","entity":"none","value":"503"}]}"|"regular"|"Occurrences '1' Within '60'"|"{}"|"{"condition":"and","rules":[]}"|"0"|""|"TA0001"|"T1190"|"null"|"[]"
"7087"|"Exchange ProxyToken Exploitation"|"{( method =  POST  and request ~  /ecp/  and request ~  /RulesEditor/InboxRules.svc/NewObject  and statuscode =  500  ) or ( request ~  SecurityToken=  and request ~  /ecp/  and statuscode =  500  ) }"|"Detects the exploitation of Microsoft Exchange ProxyToken vulnerability as described in CVE-2021-33766 (Mitre Att&ck: TA0001-T1190)(CVE-2021-33766)"|"High"|"0"|"24"|""|"Enabled"|"2,3,4,5,6,7,8,9,10"|"0"|"0"|"16-01-2024 01:20:49"|"1"|"{"condition":"and","rules":[{"condition":"or","rules":[{"field":"method","operator":"=","entity":"none","value":"POST","condition":"and"},{"field":"request","operator":"~","entity":"none","value":"/ecp/","condition":"and"},{"field":"request","operator":"~","entity":"none","value":"/RulesEditor/InboxRules.svc/NewObject","condition":"and"},{"field":"statuscode","operator":"=","entity":"none","value":"500","condition":"and"}]},{"condition":"or","rules":[{"field":"request","operator":"~","entity":"none","value":"SecurityToken=","condition":"and"},{"field":"request","operator":"~","entity":"none","value":"/ecp/","condition":"and"},{"field":"statuscode","operator":"=","entity":"none","value":"500","condition":"and"}]}]}"|"regular"|"Occurrences '1' Within '60'"|"{}"|"{"condition":"and","rules":[]}"|"0"|""|"TA0001"|"T1190"|"null"|"[]"
